Timestamp,Acceleration_rms,Battery_voltage,Speed
0.0,0.15640968775858913,14.038078335626683,0.0
0.05004170141784821,0.4017123628007708,13.992518066806996,0.0
0.10008340283569642,0.1697766315491624,14.124886252473852,0.0
0.15012510425354464,0.15440531841041572,13.903870247416117,0.0
0.20016680567139283,0.25493595435455996,14.18061552217721,0.0
0.25020850708924103,0.30120159050059714,13.856524620607948,0.0
0.3002502085070893,0.6617101355826899,14.151658317217848,0.0
0.3502919099249375,0.4785741028375162,14.05764643345088,0.0
0.40033361134278567,0.2354810318738022,14.111634390335745,0.0
0.45037531276063386,0.3127863176663624,13.984592962746907,0.0
0.5004170141784821,0.1340391794271213,13.933093388201044,0.0
0.5504587155963303,0.5795492293747375,13.733983759151183,0.0
0.6005004170141786,0.2852030444446785,13.95856690277824,0.0
0.6505421184320267,0.12530400596036406,13.952189840310545,0.0
0.700583819849875,0.4548239022572093,14.003048468653795,0.0
0.7506255212677231,0.9534993177112376,13.91461458987455,0.0
0.8006672226855713,0.6527908882264717,13.72192613442799,0.0
0.8507089241034196,0.1940969989424649,13.905857388129595,0.0
0.9007506255212677,0.5249319134428291,13.842649344466874,0.0
0.950792326939116,0.3087204319077533,13.93266163591462,0.0
1.0008340283569641,0.5643391778017333,13.88331204682795,0.0
1.0508757297748124,0.3289796102294658,13.837467070762896,0.0
1.1009174311926606,0.5249264044805462,13.941734189524624,0.0
1.1509591326105089,0.6779552529057181,13.952656514219578,0.0
1.2010008340283571,0.7332987486999052,14.065323406843708,0.0
1.2510425354462051,0.8925749346255223,14.032898820937094,0.0
1.3010842368640534,0.5049506294279684,13.931278504109555,0.0
1.3511259382819016,0.9222223772545182,13.843445166642324,0.0
1.40116763969975,0.8169602305114805,13.87878286221054,0.0
1.4512093411175981,0.9090785973192287,13.977014172366047,0.0
1.5012510425354462,0.8543102825298955,13.916325931304826,0.0
1.5512927439532944,0.7162062639925534,13.714802551565315,0.0
1.6013344453711427,0.8872929045682135,13.884878507474275,0.0
1.651376146788991,0.755410230475495,13.837269427373398,0.0
1.7014178482068392,0.9044147136104359,13.834437459934767,0.0
1.7514595496246872,1.1413071924828309,13.856218999533242,0.0
1.8015012510425354,1.0470837079762305,14.093996344945802,0.0
1.8515429524603837,0.8191751853458673,13.931919021559759,0.0
1.901584653878232,1.5080313637409142,13.645456364826746,0.0
1.9516263552960802,0.6337087203241996,13.94694098985022,0.0
2.0016680567139282,1.3361780558974652,13.849800069829705,0.0
2.0517097581317767,0.7565416255880371,13.832850514157316,0.0
2.1017514595496247,1.3202681897633162,13.900426719665143,0.0
2.1517931609674728,0.9521081138583563,13.832364112197926,0.0
2.2018348623853212,1.0427330910267196,13.856468864608509,0.0
2.2518765638031693,1.0562011399218973,13.995555508654105,0.0
2.3019182652210177,0.6859979261868218,14.008836604676832,0.0
2.3519599666388658,0.8590089100975876,13.82806836756974,0.0
2.4020016680567142,0.8221459510248872,13.800224421221973,0.0
2.4520433694745623,0.8239747370866423,13.762082269984363,0.0
2.5020850708924103,0.9272727225474258,14.010052325264901,0.0
2.5521267723102588,1.1900111291611786,13.740603225453249,0.0
2.602168473728107,0.41809526414655784,14.087487683766328,0.0
2.6522101751459553,0.9178171439453905,13.840535052876334,0.0
2.7022518765638033,1.2224691886202854,13.964549776847342,0.0
2.7522935779816513,1.1309349289559338,13.814087766642404,0.0
2.8023352793995,1.200512190873106,13.791972897015306,0.0
2.852376980817348,1.3548943802840472,13.934128460777671,0.0
2.9024186822351963,0.5491638852936271,13.941675539294469,0.0
2.9524603836530443,0.8921054589119939,13.845348896171277,0.0
3.0025020850708923,0.8110513078163404,13.94323291581962,0.0
3.052543786488741,0.9170129861279339,13.812001165744594,0.0
3.102585487906589,0.9482047364475968,13.855167822685015,0.0
3.1526271893244373,1.0044434898662484,13.845330130482482,0.0
3.2026688907422853,1.0255303583338977,13.851078929366604,0.0
3.2527105921601334,1.1680787504549432,13.85551270187371,0.0
3.302752293577982,0.876172675793158,13.946554485813438,0.0
3.35279399499583,0.914056444799758,13.837137619922412,0.0
3.4028356964136783,0.6217180051271531,13.864594478098088,0.0
3.4528773978315264,0.5090946997484629,13.7780812218104,0.0
3.5029190992493744,0.7294861925899616,13.776421424663061,0.0
3.552960800667223,0.5131592890279405,13.898359198682599,0.0
3.603002502085071,1.0438008325055552,13.849394752171838,0.0
3.6530442035029194,0.7963536071735944,13.84510134668591,0.0
3.7030859049207674,1.1151600103648478,13.848603580266603,0.0
3.7531276063386154,0.5604094328531091,13.735041618143638,0.0
3.803169307756464,0.8119640723332832,13.646680791333129,0.0
3.853211009174312,0.5746226854834656,13.87450080707085,0.0
3.9032527105921604,0.40920011335017115,13.968464813926891,0.0
3.9532944120100084,0.74165788765581,13.82344988729103,0.0
4.0033361134278564,0.7508069476025246,13.824732653301423,0.0
4.053377814845705,0.9157594240589252,13.817242473946523,0.0
4.103419516263553,0.7839806455805165,13.929130837607829,0.0
4.153461217681401,0.5451567457241573,13.910452588804041,0.0
4.2035029190992494,0.28722008039853225,13.810927005871106,0.0
4.253544620517098,0.4985759954889901,13.882861831577149,0.0
4.3035863219349455,0.2345164710367042,13.777373075977529,0.0
4.353628023352794,0.23462764594621846,13.80634900610325,0.0
4.4036697247706424,0.2583679330225427,13.65091448719973,0.0
4.453711426188491,0.6804979134737259,13.817613597911333,0.0
4.5037531276063385,0.40328002872548757,13.865623931226244,0.0
4.553794829024187,0.3857773291214518,13.788210384670041,0.0
4.6038365304420354,0.16321090841353197,13.860383248985643,0.0
4.653878231859883,0.02170411138437056,13.818548942490521,0.0
4.7039199332777315,0.01848784054542682,13.775850178607062,0.0
4.75396163469558,0.251935853123083,13.879059785555807,0.0
4.8040033361134284,0.11852010867293113,13.74557556017622,0.0
4.854045037531276,0.2838632759805714,13.740902742825147,0.0
4.9040867389491245,0.2125353866153214,13.644255112050242,0.0
4.954128440366973,0.006848484775422391,13.764481585944658,0.0
5.004170141784821,0.13565787488224937,13.731103376453548,0.0
5.054211843202669,0.19607969844084103,13.800886149850465,0.0
5.1042535446205175,0.3255962312077679,13.775539374811292,0.0
5.154295246038365,0.12433520917139439,13.744856254068583,0.0
5.204336947456214,0.05008338374118933,13.672657913185107,0.0
5.254378648874062,0.08364002033578936,13.620330692428697,0.0
5.3044203502919105,0.3106081095606038,13.674308641498591,0.0
5.354462051709758,0.21370165401359367,13.689308972676145,0.0
5.404503753127607,0.11517418319308381,13.717323465801872,0.0
5.454545454545455,0.3128405232930225,13.852692736619193,0.0
5.504587155963303,0.19189963447236497,13.638385527319533,0.0
5.554628857381151,0.613912945172423,13.74505912489964,0.0
5.604670558799,0.31006310450159946,13.731833365813424,0.0
5.654712260216847,0.35884735140657664,13.744413525087008,0.0
5.704753961634696,0.5652465480140528,13.70514690026112,0.0
5.754795663052544,0.5685043848518061,13.818412201689455,0.0
5.804837364470393,0.5764234340809955,13.708538880880848,0.0
5.85487906588824,0.2919398502281927,13.69422875132303,0.0
5.904920767306089,0.34879057997583307,13.704183808755515,0.0
5.954962468723937,0.7503877457013661,13.76823746603312,0.0
6.005004170141785,0.6995606264579391,13.66139179011018,0.0
6.055045871559633,0.49338529239361334,13.626365738932622,0.0
6.105087572977482,0.14526858487618388,13.821725811898583,0.0
6.155129274395329,0.5273996462121783,13.649188905392862,0.0
6.205170975813178,0.8780792959106404,13.587979039813932,0.0
6.255212677231026,0.39259064991736625,13.79537036278212,0.0
6.305254378648875,0.4402504726765202,13.79221707990412,0.0
6.355296080066722,0.6360603554923386,13.726807094493646,0.0
6.405337781484571,0.6757675250505626,13.749251630571484,0.0
6.455379482902419,0.7863201113266496,13.494386894727736,0.0
6.505421184320267,1.0070334646337655,13.522623537327625,0.0
6.555462885738115,0.6842253806068525,13.801715599144153,0.0
6.605504587155964,0.8668363333827709,13.612876678471364,0.0
6.655546288573812,1.141380761306024,13.72565795974914,0.0
6.70558798999166,0.568642031632314,13.689231788657345,0.0
6.755629691409508,0.9922052086646049,13.669017290106147,0.0
6.805671392827357,1.0037124352400306,13.804372200912805,0.0
6.855713094245204,1.0303091175252908,13.627392837640816,0.0
6.905754795663053,1.283459893343305,13.611120936444674,0.0
6.955796497080901,0.8823361353108321,13.626624900775607,0.0
7.005838198498749,1.0563267354196046,13.709505208620055,0.0
7.055879899916597,1.2400235135861157,13.755523031777193,0.0
7.105921601334446,0.9599807591228139,13.564917979068689,0.0
7.155963302752294,1.2283439978688995,13.628433273065106,0.0
7.206005004170142,1.032165286699176,13.649196291868464,0.0
7.25604670558799,1.0453444411829638,13.563953360635487,0.0
7.306088407005839,0.8410323185219593,13.654795788279172,0.0
7.356130108423686,1.406284343371928,13.58925280692309,0.0
7.406171809841535,1.235932763896612,13.427900838746817,0.0
7.456213511259383,1.1586494235741691,13.599183053688707,0.0
7.506255212677231,1.3992712866930013,13.610177435410934,0.0
7.556296914095079,1.1581448099283618,13.530294146354992,0.0
7.606338615512928,1.230360034289835,13.504087747157701,0.0
7.656380316930776,0.8206405369139456,13.65570679601184,0.0
7.706422018348624,1.0969172137787173,13.555354469959266,0.0
7.756463719766472,0.9799822125529553,13.766324849578726,0.0
7.806505421184321,0.800398857315643,13.5731537013287,0.0
7.856547122602168,1.245158377996458,13.573253447444523,0.0
7.906588824020017,0.9339891945212857,13.613850678810284,0.0
7.956630525437865,0.8740146799383886,13.809269387509627,0.0
8.006672226855713,1.0328362930175703,13.697134760067382,0.0
8.056713928273561,1.1148763814653586,13.577138300169821,0.0
8.10675562969141,0.8738569576245607,13.633278294841684,0.0
8.156797331109258,0.7106078643550907,13.513682879398463,0.0
8.206839032527107,1.2444881918419208,13.719399709614317,0.0
8.256880733944955,0.7787740700604953,13.61919818185527,0.0
8.306922435362802,0.871723169108321,13.605475029389735,0.0
8.35696413678065,0.8282918579157349,13.653174443264064,0.0
8.407005838198499,0.7160976858768834,13.554534443807732,0.0
8.457047539616347,0.8366471063064261,13.590202651809637,0.0
8.507089241034196,0.9329528118197208,13.505591122669568,0.0
8.557130942452044,0.863173269995883,13.547492334214205,0.0
8.607172643869891,0.7257375074089832,13.573117637395432,0.0
8.65721434528774,0.46046037970982845,13.53347057877754,0.0
8.707256046705588,0.817372049518166,13.603369852921238,0.0
8.757297748123436,0.7875743716013567,13.33057213499061,0.0
8.807339449541285,0.8312836755403413,13.611636548558195,0.0
8.857381150959133,0.8415830848533508,13.510988158563062,0.0
8.907422852376982,0.5792574063871968,13.593760496977794,0.0
8.957464553794829,0.6010500521849579,13.44736677331552,0.0
9.007506255212677,0.6041147408424684,13.654027863796815,0.0
9.057547956630525,0.6657758735285594,13.503664667349822,0.0
9.107589658048374,0.3177267443017643,13.525504982903781,0.0
9.157631359466222,0.5873724913058277,13.489306151103337,0.0
9.207673060884071,0.49682777081604407,13.450924693446641,0.0
9.25771476230192,0.533578413476768,13.601914270745153,0.0
9.307756463719766,0.3338811335016636,13.55030428953973,0.0
9.357798165137615,0.8371311682432178,13.577941980605138,0.0
9.407839866555463,0.5075046487067705,13.313401547232951,0.0
9.457881567973311,0.28224071453788346,13.714971430744315,0.0
9.50792326939116,0.28019154774651583,13.539640181643641,0.0
9.557964970809008,0.283240545373346,13.450082229987826,0.0
9.608006672226857,0.37400867223941653,13.530073983098166,0.0
9.658048373644704,0.343708537228699,13.51003252958652,0.0
9.708090075062552,0.46329361948998227,13.587997459059753,0.0
9.7581317764804,0.20632084991488633,13.459330053782317,0.0
9.808173477898249,0.12394824226285343,13.364295314443753,0.0
9.858215179316097,0.008965470279462026,13.503217657296524,0.0
9.908256880733946,0.33832074245965793,13.72925488965452,0.0
9.958298582151793,0.2598552573310553,13.59913516859361,0.0
10.008340283569641,0.2819038174159859,13.466016145794214,0.0
10.05838198498749,0.30098034156837283,13.405750252213863,0.0
10.108423686405338,0.00469031644907722,13.675334289513394,0.0
10.158465387823187,0.044438750553393434,13.425864482765661,0.0
10.208507089241035,0.3622228303014582,13.461268204186965,0.0
10.258548790658883,0.08683767613620966,13.474390254390006,0.0
10.30859049207673,0.11358533837732208,13.330725505021196,0.0
10.358632193494579,0.05663997696692158,13.42083574073754,0.0
10.408673894912427,0.01950550194379036,13.318516209148916,0.0
10.458715596330276,0.07772341846656278,13.528590967419072,0.0
10.508757297748124,0.6782090950944675,13.391234823612068,0.0
10.558798999165973,0.3151408635203908,13.597720907033464,0.0
10.608840700583821,0.35580637776670493,13.401332922122236,0.0
10.658882402001668,0.6093738948731301,13.555812171175013,0.0
10.708924103419516,0.3522804321472832,13.434347945798951,0.0
10.758965804837365,0.9323367858667096,13.528282445388626,0.0
10.809007506255213,0.425469066595706,13.481778194528138,0.0
10.859049207673062,0.674237535552316,13.5260473586839,0.0
10.90909090909091,0.2674359063715159,13.397881184601733,0.0
10.959132610508757,0.37998391544439625,13.371513866351542,0.0
11.009174311926605,0.8152703411869768,13.498954584253926,0.0
11.059216013344454,0.667821815309623,13.49062335448558,0.0
11.109257714762302,0.5667675214409367,13.387313384509204,0.0
11.15929941618015,0.867012427262919,13.449044938085024,0.0
11.209341117598,1.0492827817086214,13.37750570515108,0.0
11.259382819015848,0.747040788783118,13.473333806783863,0.0
11.309424520433694,0.7250179900215261,13.430943412991926,0.0
11.359466221851543,0.9412955625430137,13.448484564546714,0.0
11.409507923269391,0.716071564983148,13.441878041192393,0.0
11.45954962468724,0.880056588447687,13.32440804346009,0.0
11.509591326105088,0.9456911205849186,13.289918998663117,0.0
11.559633027522937,0.9660187356696657,13.355565451696204,0.0
11.609674728940785,0.8275927381069907,13.328076748665818,0.0
11.659716430358632,1.2939830897539752,13.237268143482844,0.0
11.70975813177648,0.9823593593047657,13.485308929987179,0.0
11.759799833194329,0.9719778510675479,13.470779392420594,0.0
11.809841534612177,0.6830625923504208,13.364742884422999,0.0
11.859883236030026,1.187651070769885,13.602742443179084,0.0
11.909924937447874,0.6625336805435196,13.393934450218826,0.0
11.959966638865723,0.9616855603831292,13.424322377407783,0.0
12.01000834028357,0.8695012350958964,13.425896218710122,0.0
12.060050041701418,0.7497150203386086,13.504174445441498,0.0
12.110091743119266,1.3012661629804343,13.23795518525263,0.0
12.160133444537115,0.899219350829831,13.563362098706687,0.0
12.210175145954963,0.9224291173109689,13.380147510222425,0.0
12.260216847372812,1.0526168728365413,13.423159113253469,0.0
12.310258548790658,1.066436230389015,13.280821373238087,0.0
12.360300250208507,1.0191704777020687,13.266556431226576,0.0
12.410341951626355,0.9559192084605437,13.250905238027624,0.0
12.460383653044204,1.0191806954868818,13.364469854488423,0.0
12.510425354462052,1.0955967142999237,13.502937582234006,0.0
12.5604670558799,1.330725595939246,13.408675300560144,0.0
12.61050875729775,0.7768350378037981,13.2297449291323,0.0
12.660550458715596,0.8577318820447605,13.432602153308562,0.0
12.710592160133444,1.0878523320052103,13.283217134976644,0.0
12.760633861551293,1.1116435985709656,13.256211414950824,0.0
12.810675562969141,0.7143834969055767,13.529457314322098,0.0
12.86071726438699,1.0981476988752708,13.432847288240726,0.0
12.910758965804838,1.2928429204470204,13.374954153540843,0.0
12.960800667222687,0.9244549530852405,13.343885320230711,0.0
13.010842368640533,1.2175715974206829,13.289894040681167,0.0
13.060884070058382,0.9095178921281583,13.506100366484436,0.0
13.11092577147623,1.2321252312813435,13.258640510806535,0.0
13.160967472894079,0.6873171210746407,13.343551180509355,0.0
13.211009174311927,0.8833610509707785,13.31129451973231,0.0
13.261050875729776,0.853544665825035,13.510129777736214,0.0
13.311092577147624,1.170411151912198,13.328429422986202,0.0
13.361134278565471,0.9550633673273428,13.202723112771489,0.0
13.41117597998332,0.6088520777434054,13.28113447361383,0.0
13.461217681401168,0.7186102645020724,13.347716082126652,0.0
13.511259382819016,0.8409936631153087,13.369005327013188,0.0
13.561301084236865,1.054957392959784,13.434697165135388,0.0
13.611342785654713,0.6187033740521963,13.323091464040095,0.0
13.66138448707256,0.916969926909748,13.222052235194003,0.0
13.711426188490409,0.8501241312176145,13.464407307257662,0.0
13.761467889908257,0.41247459761991795,13.078784515785593,0.0
13.811509591326105,0.6178310554020976,13.296180870860224,0.0
13.861551292743954,0.5730555388168643,13.232517221677295,0.0
13.911592994161802,0.6718114667664046,13.401249978751139,0.0
13.96163469557965,0.6481792304256563,13.318175845845628,0.0
14.011676396997498,0.909174502082272,13.329285951293585,0.0
14.061718098415346,0.33485598287997687,13.345171190127472,0.0
14.111759799833195,0.5326800345741904,13.465279168454929,0.0
14.161801501251043,0.3911739566092612,13.173711862197242,0.0
14.211843202668891,0.8750229714965013,13.30539470201868,0.0
14.26188490408674,0.4391241846931193,13.197634982914812,0.0
14.311926605504588,0.6899418856589885,13.218225852293221,0.0
14.361968306922435,0.2507538483426808,13.403110565048884,0.0
14.412010008340284,0.3242081428548613,13.273240901321397,0.0
14.462051709758132,0.05630272670224823,13.338109181230235,0.0
14.51209341117598,0.5137747464088395,13.226870651946795,0.0
14.562135112593829,0.5861992827764297,13.249039194323753,0.0
14.612176814011677,0.36977988477389995,13.328499502057312,0.0
14.662218515429526,0.16371465534393234,13.293199763644942,0.0
14.712260216847373,0.1942847946331465,13.284953042768418,0.0
14.762301918265221,0.11324419189737772,13.069544672420621,0.0
14.81234361968307,0.09597920048684136,13.335577335574058,0.0
14.862385321100918,0.053898092391950356,13.342888838509056,0.0
14.912427022518767,0.04200962348780346,13.23747530717611,0.0
14.962468723936615,0.0004131026090108819,13.301305426059326,0.0
15.012510425354462,0.035086963655330705,13.200334269910833,0.0
15.06255212677231,0.07522710939936711,13.161602650181308,0.0
15.112593828190159,0.2231911192540894,13.320811518245616,0.0
15.162635529608007,0.09791422757828913,13.23648891743493,0.0
15.212677231025856,0.18905425749129237,13.255481677995263,0.0
15.262718932443704,0.3321546043356204,13.208418984277195,0.0
15.312760633861553,0.002614746496049508,13.448807908025532,0.0
15.3628023352794,0.33014817168316846,13.284950560365996,0.0
15.412844036697248,0.4410391780972013,13.377650562097704,0.0
15.462885738115096,0.33613121162715925,13.213516518557526,0.0
15.512927439532945,0.3197445234915725,13.141634269773078,0.0
15.562969140950793,0.11287798479327177,13.374343230547597,0.0
15.613010842368642,0.15976406712554345,13.191020954691597,0.0
15.66305254378649,0.4920718953554257,13.14419197681888,0.0
15.713094245204337,0.5200307387110766,13.188439391648597,0.0
15.763135946622185,0.15546676160218142,13.119285220018261,0.0
15.813177648040034,0.6106370065404121,13.403605935499773,0.0
15.863219349457882,0.9051984069914649,13.165006655406845,0.0
15.91326105087573,0.4157978570981615,13.17564342297034,0.0
15.963302752293579,0.5357660450037283,13.23978033141266,0.0
16.013344453711426,0.554617925444159,13.090190543262066,0.0
16.063386155129276,0.6346558143128734,13.375632549537347,0.0
16.113427856547123,0.2571037474711685,13.102763486578088,0.0
16.163469557964973,0.7932809795163973,13.241558873424818,0.0
16.21351125938282,0.9533984647499569,13.25576646046431,0.0
16.263552960800666,0.9833338546663359,13.188020138606312,0.0
16.313594662218517,0.9230849321337983,13.226508025506755,0.0
16.363636363636363,0.5573266400047682,13.087317928017308,0.0
16.413678065054214,0.8865068841323824,13.121719396372487,0.0
16.46371976647206,1.1312800549927107,13.18702549800161,0.0
16.51376146788991,0.9328124529942597,13.256423740472153,0.0
16.563803169307757,0.8560087757513335,13.123215366525823,0.0
16.613844870725604,0.7470048726968392,13.323254726473213,0.0
16.663886572143454,0.902809425044965,13.072085470470252,0.0
16.7139282735613,0.8232689158243585,13.09261644545291,0.0
16.76396997497915,0.6638911249904946,13.192264248542626,0.0
16.814011676396998,0.9175545173724853,13.21122335817119,0.0
16.864053377814844,1.133922801193277,13.083738589568377,0.0
16.914095079232695,0.7057844953517372,13.331879253520095,0.0
16.96413678065054,1.1172753802731419,13.273116857995117,0.0
17.01417848206839,0.8602646665775937,13.007850189993995,0.0
17.06422018348624,0.8826386348327336,13.34090878082992,0.0
17.11426188490409,1.1556101959840492,13.045740963396966,0.0
17.164303586321935,1.0187667259866016,13.069733763730174,0.0
17.214345287739782,0.7490956440341652,13.16049823661373,0.0
17.264386989157632,1.0210634508297447,13.173282397401117,0.0
17.31442869057548,1.006142221334503,13.231703965188807,0.0
17.36447039199333,1.033509317929649,13.023248259737569,0.0
17.414512093411176,1.4329339581416907,13.048879562866942,0.0
17.464553794829026,1.2359772932689053,13.018209376860153,0.0
17.514595496246873,0.8696322887870748,13.280694419581858,0.0
17.56463719766472,0.7563483811096499,13.109784022389134,0.0
17.61467889908257,1.2637917878315923,13.01089352121445,0.0
17.664720600500416,1.1768631364992792,13.158019116404954,0.0
17.714762301918267,0.8196196752626086,13.145511926645083,0.0
17.764804003336113,0.8241477066262701,13.089369605606437,0.0
17.814845704753964,1.1598964829976217,13.281678478651937,0.0
17.86488740617181,0.8693440575560087,12.8818122971802,0.0
17.914929107589657,0.7016348002880879,13.157175558761887,0.0
17.964970809007507,0.6222883867754181,13.05557717208077,0.0
18.015012510425354,0.8109456164076939,13.232838044017184,0.0
18.065054211843204,0.7297558542674939,13.021129598996902,0.0
18.11509591326105,1.0665663631992368,13.123157692525352,0.0
18.1651376146789,0.9681250093990459,13.020476523462577,0.0
18.215179316096748,0.6351524570040803,13.152944153696296,0.0
18.265221017514595,1.2007496228624595,12.90363900507127,0.0
18.315262718932445,0.9590057273162184,13.107593111227539,0.0
18.36530442035029,1.1339932397089958,13.058675176241284,0.0
18.415346121768142,0.8726774834423936,12.984290775757394,0.0
18.46538782318599,0.6413408546954035,13.163765724562413,0.0
18.51542952460384,1.1350071785658309,13.084743448854315,0.0
18.565471226021685,1.2040320470526806,13.207153733177813,0.0
18.615512927439532,0.9452265385446943,13.161430088082502,0.0
18.665554628857382,0.8041820073599133,13.228058948301323,0.0
18.71559633027523,0.9032315075859005,13.219324617305466,0.0
18.76563803169308,0.777091983915944,13.0743214475693,0.0
18.815679733110926,0.502949638590492,12.931433274626617,0.0
18.865721434528776,0.5727794761571212,13.078149425002504,0.0
18.915763135946623,1.055611399578798,13.140216110981575,0.0
18.96580483736447,1.0620397042519996,13.021864640678361,0.0
19.01584653878232,0.6274781433763521,12.926417365339988,0.0
19.065888240200167,0.4783022366339802,12.911953343797517,0.0
19.115929941618017,0.4634438256645046,13.02337641470682,0.0
19.165971643035864,0.33719792751488464,13.068714711323922,0.0
19.216013344453714,0.3779069345961627,12.999698149495531,0.0
19.26605504587156,0.4315351484669848,13.015153704967727,0.0
19.316096747289407,0.551244239978992,12.916139468843157,0.0
19.366138448707257,0.4633455600609997,12.837657706750548,0.0
19.416180150125104,0.3413875175609059,13.054199335207745,0.0
19.466221851542954,0.35010261980462126,13.056326148281967,0.0
19.5162635529608,0.5615128696182871,12.929958935714016,0.0
19.566305254378648,0.05295925512023553,13.178755272158464,0.0
19.616346955796498,0.42082197782038644,12.889588512508864,0.0
19.666388657214345,0.15407553077317748,12.91008298988861,0.0
19.716430358632195,0.34028447838430886,12.966331209868565,0.0
19.76647206005004,0.14497538728270468,13.124794039923971,0.0
19.816513761467892,0.3463747645791133,12.951470492496401,0.0
19.86655546288574,0.13086278556983696,13.00841957456496,0.0
19.916597164303585,0.07031387815920237,12.935522116122641,0.0
19.966638865721436,0.057679155488844974,13.193286027928625,0.0
20.016680567139282,0.11307579225994259,13.147237802584574,30.0
20.066722268557132,0.005059260106550216,13.073360315243962,30.0
20.11676396997498,0.22167132897303454,13.037941412640281,30.0
20.16680567139283,0.1334611118334449,12.970526501345967,30.0
20.216847372810676,0.0636747907667392,13.083472736440696,30.0
20.266889074228523,0.3459788284906177,12.960110029856702,30.0
20.316930775646373,0.04317572818316204,12.831258960385817,30.0
20.36697247706422,0.2364837914137606,12.854088380379514,30.0
20.41701417848207,0.25398972665021124,12.894586963433825,30.0
20.467055879899917,0.444843698747001,12.845955661652427,30.0
20.517097581317767,0.16591302656303042,12.838808344077314,30.0
20.567139282735614,0.16274652991070493,13.107572865224501,30.0
20.61718098415346,0.32096388669176945,13.187104814172137,30.0
20.66722268557131,0.2700454880202704,12.920290808791988,30.0
20.717264386989157,0.5204095959762265,12.820491724649127,30.0
20.767306088407008,0.37924274411682835,12.929501761793212,30.0
20.817347789824854,0.2997107453672614,12.979803266563454,30.0
20.867389491242704,0.48733810655532234,12.9137338014768,30.0
20.91743119266055,0.5639058079238937,12.980230731314613,30.0
20.967472894078398,0.723856808838838,12.8517267802573,30.0
21.017514595496248,1.0675809951424233,13.084878257225336,30.0
21.067556296914095,0.32983373142009953,13.009675035385182,30.0
21.117597998331945,0.9192490037509009,12.888856004302488,30.0
21.16763969974979,0.8758703641576954,12.778761655052396,30.0
21.217681401167642,0.5911862142442447,12.880524782340759,30.0
21.26772310258549,0.7982196539689861,13.059653193395055,30.0
21.317764804003335,0.6237053245773931,13.197047739173643,30.0
21.367806505421186,0.4844213113621561,12.984212411228448,30.0
21.417848206839032,0.7976471173934705,12.927381566177425,30.0
21.467889908256883,1.0427010824396263,13.068860844165833,30.0
21.51793160967473,1.1459411746236234,12.871048573317726,30.0
21.56797331109258,0.5643520208335455,12.878300471417248,30.0
21.618015012510426,0.7701676228375838,12.999722762234383,30.0
21.668056713928273,0.8937021604353502,12.873164084539658,30.0
21.718098415346123,0.6572586231817976,12.843341025258074,30.0
21.76814011676397,1.1298035187833397,12.751012420234861,30.0
21.81818181818182,1.130758734533637,12.962838644125817,30.0
21.868223519599667,0.9973426640203708,12.744072219434987,30.0
21.918265221017514,0.9768102627193841,12.90185507353444,30.0
21.968306922435364,0.5939750679861987,12.952816311465568,30.0
22.01834862385321,0.8108877175173712,12.723958031737869,30.0
22.06839032527106,1.1200592599053811,12.838320359780614,30.0
22.118432026688907,1.0863846734541638,12.78935703032729,30.0
22.168473728106758,1.0712612185946229,12.943346616125869,30.0
22.218515429524604,0.8022240117679447,12.893846871187948,30.0
22.26855713094245,1.223940889747465,12.694282967258138,30.0
22.3185988323603,0.9978956581393014,13.030454979178623,30.0
22.368640533778148,1.221423360393291,13.11339376740705,30.0
22.418682235196,1.0776818373178725,13.034378507762886,30.0
22.468723936613845,1.2115900593129048,12.705800900900353,30.0
22.518765638031695,0.9987838465179064,12.8141532735808,30.0
22.568807339449542,0.9738166903033416,12.954100897672566,30.0
22.61884904086739,1.00018879520241,12.936909226352412,30.0
22.66889074228524,1.0046338516968392,12.887771416027151,30.0
22.718932443703086,1.3498209392805884,12.89916371277657,30.0
22.768974145120936,1.3952972391067249,12.937488074409506,30.0
22.819015846538782,0.7092256775666166,12.816292695919735,30.0
22.869057547956633,0.7190959947962032,13.128035770053692,30.0
22.91909924937448,0.8683626858671262,12.729703330117438,30.0
22.969140950792326,0.45427060744984504,12.801005784289242,30.0
23.019182652210176,0.9334912606101843,12.835734022346013,30.0
23.069224353628023,1.1526879257218614,12.905157096134895,30.0
23.119266055045873,0.3464801828804629,12.89317754780194,30.0
23.16930775646372,1.0992339849456365,12.792800062483453,30.0
23.21934945788157,0.7765126918283218,12.850385933700556,30.0
23.269391159299417,0.9387205285800833,12.701014773623777,30.0
23.319432860717264,0.9415613584760474,12.845288192938359,30.0
23.369474562135114,0.944374158846303,12.87415287988121,30.0
23.41951626355296,1.0522500022537815,12.823988600991393,30.0
23.46955796497081,1.0151309449576953,12.97038489182183,30.0
23.519599666388658,0.8502624401704679,12.78922241095654,30.0
23.569641367806508,0.8912942745680394,12.823242428380265,30.0
23.619683069224354,0.4132603182006027,12.803869228441851,30.0
23.6697247706422,0.44553266779444234,12.860830957790759,30.0
23.71976647206005,0.7755564727691769,12.90294510136564,30.0
23.769808173477898,0.9151393809962695,12.78304492593784,30.0
23.81984987489575,0.8471598732890041,12.823533531035602,30.0
23.869891576313595,0.5742339477301772,12.815434719251465,30.0
23.919933277731445,0.6928175051588683,12.691546608290828,30.0
23.969974979149292,0.30765025740857616,12.933330565569818,30.0
24.02001668056714,0.8025832128294765,12.730896733902188,30.0
24.07005838198499,0.4021245218786923,12.779509695967139,30.0
24.120100083402836,0.7381876141812345,12.935325356738957,30.0
24.170141784820686,0.06250207368985355,12.830105214795443,30.0
24.220183486238533,0.42910494119678794,12.645504328326256,30.0
24.270225187656383,0.48710080712547876,12.932987078505347,30.0
24.32026688907423,0.6117815907342129,12.883988885281289,30.0
24.370308590492076,0.4171098186268682,12.60491365396185,30.0
24.420350291909926,0.26096252165177536,12.735867612078962,30.0
24.470391993327773,0.21119770998403847,12.829151879252233,30.0
24.520433694745623,0.2469067385891936,12.759620509991922,30.0
24.57047539616347,0.502827281698886,12.797547673126179,30.0
24.620517097581317,0.031884121000497256,12.753716806920192,30.0
24.670558798999167,0.055786558632627936,12.73598955666584,30.0
24.720600500417014,0.3916936816323131,12.682874048645026,30.0
24.770642201834864,0.06446273014699974,12.796533894959264,30.0
24.82068390325271,0.11760373268993289,12.88241167108566,30.0
24.87072560467056,0.014154726736904447,12.77641268207233,30.0
24.920767306088408,0.06514134392628332,12.858733034198483,30.0
24.970809007506254,0.19658394050619313,12.755436423404413,30.0
25.020850708924105,0.051236323902977415,12.858594293518804,30.0
25.07089241034195,0.0564382013437551,12.748387594025022,30.0
25.1209341117598,0.06579384867157119,12.641379596844779,30.0
25.170975813177648,0.43926310811474356,12.74278928693392,30.0
25.2210175145955,0.2087055688608142,12.675015135543646,30.0
25.271059216013345,0.2268667390407012,12.807561909205052,30.0
25.321100917431192,0.2798519194015061,12.728046575620198,30.0
25.371142618849042,0.2350767532802715,12.702348262356566,30.0
25.42118432026689,0.15943448810422972,12.802135376154508,30.0
25.47122602168474,0.4393072118872885,12.670031054030293,30.0
25.521267723102586,0.47322031838957884,12.583255842914815,30.0
25.571309424520436,0.5274638701040352,12.844512661912656,30.0
25.621351125938283,0.37930323961061674,12.67641964705299,30.0
25.67139282735613,0.04989742105917766,12.701289331393786,30.0
25.72143452877398,0.40787919530547817,12.710014909314383,30.0
25.771476230191826,0.6706712967759599,12.694005360513788,30.0
25.821517931609677,0.5092651999627431,12.460720893422126,30.0
25.871559633027523,0.9641115655290327,12.85508842639912,30.0
25.921601334445374,0.8643248394775551,12.694176782550306,30.0
25.97164303586322,0.5939542757307785,12.67077316873431,30.0
26.021684737281067,0.6736825818004929,12.613647043094776,30.0
26.071726438698917,0.8550468065718939,12.72316598914431,30.0
26.121768140116764,0.6608846064454544,12.647692065712118,30.0
26.171809841534614,0.5474447727980282,12.517951259629838,30.0
26.22185154295246,0.8743957907686695,12.593195982801968,30.0
26.27189324437031,0.7242399069452468,12.767003215836699,30.0
26.321934945788158,0.6527405797241536,12.89621543577508,30.0
26.371976647206004,0.36384155243972555,12.806434561201925,30.0
26.422018348623855,0.6156646463119719,12.649467345803767,30.0
26.4720600500417,0.6809711605635552,12.73224529797507,30.0
26.52210175145955,0.9921168533039892,12.6672503333448,30.0
26.5721434528774,0.35483219771342245,12.712290123128865,30.0
26.62218515429525,1.0863536972194159,12.603967970340214,30.0
26.672226855713095,0.8006766565704398,12.891805499427653,30.0
26.722268557130942,1.1756782708933804,12.506798591663786,30.0
26.772310258548792,0.870159125527841,12.622783881724438,30.0
26.82235195996664,1.000385032057834,12.695441512825198,30.0
26.87239366138449,0.9249663856864935,12.739426654434723,30.0
26.922435362802336,0.8711711398428175,12.528573040411345,30.0
26.972477064220183,0.655717375895981,12.696802302375787,30.0
27.022518765638033,1.0861190300407728,12.784012866607235,30.0
27.07256046705588,0.7072357564778529,12.66359846249976,30.0
27.12260216847373,0.8036138523744975,12.599120325376944,30.0
27.172643869891576,0.9182256417407388,12.781205674238471,30.0
27.222685571309427,0.8464068082867497,12.811725207143144,30.0
27.272727272727273,1.1716955547456696,12.825815413207353,30.0
27.32276897414512,1.0241319058568292,12.413593486830546,30.0
27.37281067556297,1.2097878973007068,12.590766372439878,30.0
27.422852376980817,0.7375333519238956,12.668766345988569,30.0
27.472894078398667,0.7879017966522681,12.695476355673964,30.0
27.522935779816514,0.7387054219064002,12.627916766981219,30.0
27.572977481234364,0.953775011098179,12.563031587365384,30.0
27.62301918265221,0.9304607704251053,12.547797535458272,30.0
27.673060884070058,1.2097030681987238,12.628592982427644,30.0
27.723102585487908,0.9249051197887476,12.691175959645806,30.0
27.773144286905755,1.17158364534357,12.492143507432637,30.0
27.823185988323605,0.9096071961367909,12.797649583602348,30.0
27.87322768974145,0.8183242588157555,12.583075707417795,30.0
27.9232693911593,0.4960104579694667,12.529904303358792,30.0
27.97331109257715,1.0528000654109537,12.668994331688953,30.0
28.023352793994995,1.0664985924169392,12.649197213211933,30.0
28.073394495412845,0.7229332149021465,12.556671305190125,30.0
28.123436196830692,0.6915220219167505,12.701770633184367,30.0
28.173477898248542,1.0033136302655294,12.483190220884781,30.0
28.22351959966639,0.6039560215888891,12.631668062264971,30.0
28.27356130108424,1.0979754248980134,12.64735594852351,30.0
28.323603002502086,1.0745965230219992,12.47439895622565,30.0
28.373644703919933,1.227159544630958,12.594452779207506,30.0
28.423686405337783,1.0106679779602021,12.589193527655963,30.0
28.47372810675563,0.9473297911169349,12.443067141031873,30.0
28.52376980817348,0.45080940568607364,12.422614591780325,30.0
28.573811509591327,0.7631576492094,12.58000293684839,30.0
28.623853211009177,0.6616699943906883,12.500359513475107,30.0
28.673894912427023,0.6723141360373643,12.481338503812356,30.0
28.72393661384487,0.9750039507821625,12.60275236146403,30.0
28.77397831526272,0.7763505547469973,12.598538984016585,30.0
28.824020016680567,0.657254646653092,12.468940383042295,30.0
28.874061718098417,0.6587316253546658,12.596806072421886,30.0
28.924103419516264,0.6428196610069441,12.603580462647058,30.0
28.974145120934114,0.7036460093660026,12.501847835860719,30.0
29.02418682235196,0.6934425144562749,12.55144180011972,30.0
29.074228523769808,0.5474387206195994,12.649202560805449,30.0
29.124270225187658,0.7107724028578942,12.343801211685925,30.0
29.174311926605505,0.29021393299446063,12.582671610092232,30.0
29.224353628023355,0.22467897922959051,12.42725925766685,30.0
29.2743953294412,0.38947769123210885,12.608380545481761,30.0
29.324437030859052,0.1348939949766353,12.501106195254696,30.0
29.3744787322769,0.4564892060495259,12.39280794893177,30.0
29.424520433694745,0.4628076436025102,12.552303174684102,30.0
29.474562135112595,0.18396212377508162,12.537242856850916,30.0
29.524603836530442,0.5391957069560532,12.537678117348465,30.0
29.574645537948292,0.6216234482431664,12.422117341926928,30.0
29.62468723936614,0.34541181160574175,12.712532260881737,30.0
29.674728940783986,0.12363977142454542,12.561066238072403,30.0
29.724770642201836,0.11545221846290876,12.53241047769368,30.0
29.774812343619683,0.41268805305336775,12.516057710068791,30.0
29.824854045037533,0.12760140238484483,12.53267401503734,30.0
29.87489574645538,0.10182121166202919,12.60372308037108,30.0
29.92493744787323,0.24339981950531414,12.547550806006601,30.0
29.974979149291077,0.20089915389444551,12.656480873855394,30.0
30.025020850708923,0.2728797201719498,12.481418815937595,30.0
30.075062552126774,0.11333505408306241,12.523134620661816,30.0
30.12510425354462,0.06363027472367663,12.499471607312778,30.0
30.17514595496247,0.35026025117672666,12.522745357761154,30.0
30.225187656380317,0.5306379428267917,12.588318795844085,30.0
30.275229357798167,0.007862782174398147,12.54619615466364,30.0
30.325271059216014,0.13773584505275427,12.468174015445664,30.0
30.37531276063386,0.1298760856288274,12.651860230101745,30.0
30.42535446205171,0.09843033135155094,12.704723898015343,30.0
30.475396163469558,0.3945613728664174,12.310490931124903,30.0
30.525437864887408,0.33061499806696715,12.648951028663566,30.0
30.575479566305255,0.20895569163333105,12.385281970889094,30.0
30.625521267723105,0.16471908007465835,12.472859624133271,30.0
30.67556296914095,0.6597375482752663,12.461070479152896,30.0
30.7256046705588,0.7935349993150058,12.47816395893339,30.0
30.77564637197665,0.8957304407750983,12.655534970699332,30.0
30.825688073394495,0.4691241815819679,12.32919544940779,30.0
30.875729774812346,0.5802644942318789,12.517344669746683,30.0
30.925771476230192,0.6312697832742177,12.476422071521624,30.0
30.975813177648043,0.9189647730255566,12.582880182755734,30.0
31.02585487906589,0.5999754424872216,12.318040347827672,30.0
31.075896580483736,0.3478289315137779,12.451873318182553,30.0
31.125938281901586,0.33086802399639564,12.294766189222262,30.0
31.175979983319433,0.9028273298305001,12.58416346701556,30.0
31.226021684737283,0.6845052664922845,12.284170499245104,30.0
31.27606338615513,0.9567798483863246,12.46209991418971,30.0
31.32610508757298,0.4983342483731099,12.484667564364363,30.0
31.376146788990827,0.830050002794336,12.546796394695882,30.0
31.426188490408673,0.4428764846535484,12.368666792696793,30.0
31.476230191826524,0.9018687298682312,12.477443748463635,30.0
31.52627189324437,0.6009621911673276,12.515980379161716,30.0
31.57631359466222,0.9712428591878906,12.562705770888446,30.0
31.626355296080067,0.6191368786289239,12.36998424307484,30.0
31.676396997497918,1.078177593278223,12.302749712908561,30.0
31.726438698915764,1.0149222019505733,12.454508909498704,30.0
31.77648040033361,1.1166076481604885,12.420638806030285,30.0
31.82652210175146,0.9742858862530018,12.327467771518066,30.0
31.876563803169308,0.8862717399904012,12.347088820103814,30.0
31.926605504587158,0.7408411400373287,12.408056624442118,30.0
31.976647206005005,0.834088449052192,12.349697652849953,30.0
32.02668890742285,1.2680355218271995,12.33683305113403,30.0
32.0767306088407,1.2250514981554814,12.245565234249815,30.0
32.12677231025855,0.7982404745652623,12.470821718343451,30.0
32.1768140116764,0.9294692030040438,12.295128663773049,30.0
32.226855713094245,0.8376678525115768,12.42614417282967,30.0
32.27689741451209,0.9575953660379167,12.565867761536502,30.0
32.326939115929946,0.9964330059200744,12.247433575801407,30.0
32.37698081734779,0.8907627588637771,12.448599104407155,30.0
32.42702251876564,0.6519900878133666,12.324984294402764,30.0
32.477064220183486,1.086965408882671,12.547085129887307,30.0
32.52710592160133,1.0756279327274123,12.443137554091043,30.0
32.57714762301919,1.045324062268911,12.366644703190737,30.0
32.62718932443703,1.1728510255016948,12.436369835182902,30.0
32.67723102585488,1.064718325256989,12.404101792387934,30.0
32.72727272727273,1.2485065331136016,12.14479275557551,30.0
32.77731442869057,1.3081830529647582,12.449389093575654,30.0
32.82735613010843,1.1780765182753656,12.37743430091423,30.0
32.877397831526274,1.2925407506218543,12.349375619714694,30.0
32.92743953294412,0.9826333471853111,12.192125854930952,30.0
32.97748123436197,0.7765411757389185,12.475545364973962,30.0
33.02752293577982,0.8260434330487753,12.37209306019335,30.0
33.07756463719767,1.0958370292504176,12.425424578899614,30.0
33.127606338615514,0.9573499191241998,12.329939937019253,30.0
33.17764804003336,0.6933934191232368,12.29340484093877,30.0
33.22768974145121,0.5403185565107973,12.307132528597768,30.0
33.27773144286906,0.7206619798467023,12.440346017781536,30.0
33.32777314428691,0.7989392045029422,12.500218453733016,30.0
33.377814845704755,1.0409974495831467,12.414154226763461,30.0
33.4278565471226,1.1322160024850536,12.18633393641586,30.0
33.47789824854045,0.8900420218626512,12.473435226776655,30.0
33.5279399499583,0.5076398410500016,12.312249287881619,30.0
33.57798165137615,0.5800702159834299,12.37316727930561,30.0
33.628023352793996,0.8507408550664463,12.187941647791172,30.0
33.67806505421184,0.8198233767502185,12.436295509502166,30.0
33.72810675562969,0.8072380474804182,12.20241856827398,30.0
33.77814845704754,0.5541220935868253,12.29051991324685,30.0
33.82819015846539,0.8555511057319902,12.266384924229843,30.0
33.878231859883236,0.48950003891456584,12.350549886595632,30.0
33.92827356130108,0.39400761624962116,12.430418605680245,30.0
33.97831526271894,0.6420701994437915,12.329351152467451,30.0
34.02835696413678,0.34412516622303985,12.296867955948358,30.0
34.07839866555463,0.5514089588504437,12.345173880518553,30.0
34.12844036697248,0.2982724515948608,12.384058070259336,30.0
34.17848206839032,0.5701706030324136,12.328266716665718,30.0
34.22852376980818,0.2990841411952516,12.337784492996756,30.0
34.278565471226024,0.17338341361500476,12.308837560035744,30.0
34.32860717264387,0.42102769307081434,12.328282656157006,30.0
34.37864887406172,0.221064288532373,12.299081425383784,30.0
34.428690575479564,0.25140169321124756,12.371259570611778,30.0
34.47873227689742,0.5832950630732034,12.335111688922336,30.0
34.528773978315265,0.29248076147307206,12.450180819359652,30.0
34.57881567973311,0.27468518757069066,12.268043799991137,30.0
34.62885738115096,0.40430292623710223,12.173575516361485,30.0
34.67889908256881,0.6099318223454718,12.334589993007613,30.0
34.72894078398666,0.15692279017720856,12.317466387581943,30.0
34.778982485404505,0.23570302100187018,12.281964145853255,30.0
34.82902418682235,0.009020623639737796,12.259921300714906,30.0
34.8790658882402,0.209517067373891,12.382287891776953,30.0
34.92910758965805,0.3618902293931223,12.050107094841776,30.0
34.9791492910759,0.214373888461681,12.269970207499437,30.0
35.029190992493746,0.12100814221715069,12.146633724651174,30.0
35.07923269391159,0.062071050402319056,12.127762615023899,30.0
35.12927439532944,0.09582879496363636,12.173681686590776,30.0
35.17931609674729,0.304965850825395,12.076881655606462,30.0
35.22935779816514,0.2747668702004972,12.237010054953894,30.0
35.279399499582986,0.4346347338571842,12.276610568643628,30.0
35.32944120100083,0.4292048405082622,12.306034762120008,30.0
35.37948290241869,0.3002306279664785,12.11298971804418,30.0
35.42952460383653,0.7345198553232756,12.040040570564127,30.0
35.47956630525438,0.25169412858633555,12.089374210869593,30.0
35.52960800667223,0.4699001892153315,12.381707476839962,30.0
35.57964970809007,0.1340505970485576,12.117672093070235,30.0
35.62969140950793,0.6343952530590878,12.247765780341194,30.0
35.679733110925774,0.4347851462475255,12.136348408196525,30.0
35.72977481234362,0.44455926986547323,12.24816037806994,30.0
35.77981651376147,0.35614764867461124,12.240702118404744,30.0
35.829858215179314,0.576939789829513,12.203481814793204,30.0
35.87989991659717,0.45119314306044195,12.397269678328172,30.0
35.929941618015015,0.7177498160393905,12.207980514183411,30.0
35.97998331943286,0.46483602903077614,12.090517853793703,30.0
36.03002502085071,0.7823540696890628,12.110345447599114,30.0
36.080066722268555,0.32429767754288275,12.179541742792448,30.0
36.13010842368641,0.7935527844815429,12.215847714169376,30.0
36.180150125104255,0.7702086065359244,12.153494550604421,30.0
36.2301918265221,0.8190109799272898,12.05829035703045,30.0
36.28023352793995,0.4368436193439767,12.22254569550364,30.0
36.3302752293578,0.8719477936950488,12.063228411572037,30.0
36.38031693077565,0.8330968943285751,12.19248706782402,30.0
36.430358632193496,0.9154859138993274,12.080809155680747,30.0
36.48040033361134,1.088514045331224,12.177778956007298,30.0
36.53044203502919,0.7235764272120864,12.307798048228044,30.0
36.58048373644704,0.9241837968068172,12.229391339787377,30.0
36.63052543786489,0.9682905616310102,12.097413340281086,30.0
36.680567139282736,0.6370976674715053,12.060479304481843,30.0
36.73060884070058,0.994401197025173,12.003239341003246,30.0
36.78065054211843,0.974661340542611,12.096331739630177,30.0
36.830692243536284,0.8487571325873995,12.199671577545534,30.0
36.88073394495413,1.0193702936111848,12.13777120459871,30.0
36.93077564637198,0.702806608211564,12.236288410901299,30.0
36.980817347789824,1.3024421649323963,12.121456883767,30.0
37.03085904920768,0.970917114213083,12.136764110249967,30.0
37.080900750625524,0.9472884516692786,12.371580329381796,30.0
37.13094245204337,0.696171389703882,12.081656536242816,30.0
37.18098415346122,1.034014323422373,12.184609332367978,30.0
37.231025854879064,1.0974395972266895,12.161467344119462,30.0
37.28106755629692,0.7728626491476034,11.950737830483138,30.0
37.331109257714765,0.9708819696441576,12.293732551926608,30.0
37.38115095913261,0.9857562070992474,12.106502287256783,30.0
37.43119266055046,1.338142023124724,12.216914433933725,30.0
37.481234361968305,0.9328326276153276,12.11816104229588,30.0
37.53127606338616,1.3419818645116137,12.152150646399173,30.0
37.581317764804005,0.9878135961555872,12.280363501533907,30.0
37.63135946622185,0.924867788026762,12.377101919794269,30.0
37.6814011676397,0.6779815992105804,12.056846498060859,30.0
37.73144286905755,0.9013276680698525,12.127419579250697,30.0
37.7814845704754,1.3485367692980579,12.154255829705935,30.0
37.831526271893246,0.7949069394175227,12.138367558503115,30.0
37.88156797331109,0.6927113862600833,12.095374532624437,30.0
37.93160967472894,1.1323149952034777,12.234458333415072,30.0
37.98165137614679,0.9813858969699514,12.12226105205755,30.0
38.03169307756464,1.1975341854205919,12.052283549438595,30.0
38.08173477898249,1.0091700855487542,12.114939648779423,30.0
38.13177648040033,1.231885922095947,12.224648145039112,30.0
38.18181818181818,0.8851105497805386,11.947544370616043,30.0
38.231859883236034,0.9228969170157449,11.940127631142154,30.0
38.28190158465388,1.0461358990174043,11.989851262061459,30.0
38.33194328607173,0.6761590796807044,12.247987063018677,30.0
38.381984987489574,0.5044912181496837,12.098299052283501,30.0
38.43202668890743,0.929017549421024,12.022763218491779,30.0
38.482068390325274,0.8863682046557076,12.151846472778333,30.0
38.53211009174312,0.6453682495795906,12.175902453978622,30.0
38.58215179316097,0.5751083884125453,12.11642631140192,30.0
38.632193494578814,0.9207760479629066,12.125959270008899,30.0
38.68223519599667,0.9182274786969326,12.338771412887729,30.0
38.732276897414515,0.5663507364308111,11.995724192630224,30.0
38.78231859883236,0.8622098785894149,12.16301222725485,30.0
38.83236030025021,0.8063739084450929,12.053682209972955,30.0
38.882402001668055,0.661668231013399,12.175532599294538,30.0
38.93244370308591,0.4168254542002915,12.162508095031704,30.0
38.982485404503755,0.4505688795264136,11.978130691559418,30.0
39.0325271059216,0.5765454616619999,12.048324942204736,30.0
39.08256880733945,0.013838664145454316,12.081935235479724,30.0
39.132610508757296,0.9002064384826604,12.008863140916555,30.0
39.18265221017515,0.27409062685532215,12.062712844191704,30.0
39.232693911592996,0.31822278005473403,12.161928745304252,30.0
39.28273561301084,0.5437272711928833,11.967159407139018,30.0
39.33277731442869,0.6679254370538592,11.882210831672584,30.0
39.38281901584654,0.30602258251582537,12.087081849972623,30.0
39.43286071726439,0.5187907836832872,12.075569462205928,30.0
39.48290241868224,0.2559357643376977,12.11298670743875,30.0
39.53294412010008,0.2953871495399346,11.99722511322246,30.0
39.58298582151793,0.11218607267402278,12.073932297315249,30.0
39.633027522935784,0.3139828082777131,12.028227738954646,30.0
39.68306922435363,0.30548488722123285,11.798600035098344,30.0
39.73311092577148,0.03127962488468278,11.825278499162623,30.0
39.783152627189324,0.14790351188493195,12.11832837221384,30.0
39.83319432860717,0.19414247778425098,11.96742253659639,30.0
39.883236030025024,0.12597668096155296,12.012597878108435,30.0
39.93327773144287,0.15773712697168854,11.938047384185037,30.0
39.98331943286072,0.06965802740719061,11.968793010123001,30.0
40.033361134278564,0.024144916797848203,11.820859315630292,60.0
40.08340283569642,0.14015799022210643,12.002210655648557,60.0
40.133444537114265,0.22183462065905393,11.996525948591877,60.0
40.18348623853211,0.12399308859607462,11.786795102337166,60.0
40.23352793994996,0.10785030111117125,12.141540848635756,60.0
40.283569641367805,0.31748557810354844,11.861760986801183,60.0
40.33361134278566,0.21378442799429576,12.064887149694652,60.0
40.383653044203506,0.6319264891628426,12.186791897771151,60.0
40.43369474562135,0.3010411711512009,12.033109785688971,60.0
40.4837364470392,0.03237789001954966,12.004406178227018,60.0
40.533778148457046,0.2896299351082651,11.94545685456411,60.0
40.5838198498749,0.5456089915180645,11.918142463341475,60.0
40.633861551292746,0.3004336482814438,12.085189799185816,60.0
40.68390325271059,0.4463343551396925,12.143013973779935,60.0
40.73394495412844,0.24727486660229195,11.92187998637728,60.0
40.78398665554629,0.8410413390786571,12.082111536739086,60.0
40.83402835696414,0.45048558707795,11.931720186472946,60.0
40.88407005838199,0.03940640564750153,11.921331183233347,60.0
40.93411175979983,0.706193759836402,11.698299334569667,60.0
40.98415346121768,0.4293919625971607,11.967908001417959,60.0
41.034195162635534,0.6599231086476899,12.185408129737187,60.0
41.08423686405338,0.3850001868791276,11.874860995285335,60.0
41.13427856547123,0.4305849224600991,11.916691335914605,60.0
41.184320266889074,0.5476000340712797,11.693663575150174,60.0
41.23436196830692,0.8102619631057316,12.194125729615868,60.0
41.284403669724774,0.4907323576220167,12.04523027210425,60.0
41.33444537114262,0.5750255563543204,11.777846383570692,60.0
41.38448707256047,0.5568154390830558,11.687304080013702,60.0
41.434528773978315,0.6066427669944778,12.167812869923972,60.0
41.48457047539616,0.967536483240674,12.025430560115137,60.0
41.534612176814015,0.719952878167643,11.715361338564712,60.0
41.58465387823186,0.4169214875811199,11.892431794077499,60.0
41.63469557964971,0.8869773542857075,11.953949108242249,60.0
41.684737281067555,1.0369453215583877,11.773254612008358,60.0
41.73477898248541,0.9229782897466023,11.849250741474606,60.0
41.784820683903256,1.0071178302286599,12.011587529443341,60.0
41.8348623853211,1.0444973460820792,11.998122554843313,60.0
41.88490408673895,0.9768236785776188,11.903862566994809,60.0
41.934945788156796,0.7901095649378356,11.917663066264689,60.0
41.98498748957465,1.0293846824911415,11.739556997729995,60.0
42.035029190992496,1.4044625475379275,11.928843351031388,60.0
42.08507089241034,0.91799971551941,11.918654718645564,60.0
42.13511259382819,1.0594850905503836,11.884605356082627,60.0
42.185154295246036,1.2522424496294404,11.90847237190186,60.0
42.23519599666389,0.8281385383846096,11.92069456312458,60.0
42.28523769808174,1.2625186153151435,11.831144853644886,60.0
42.33527939949958,1.0058249198615237,11.980504845159574,60.0
42.38532110091743,0.8275299591379419,11.943057565811714,60.0
42.435362802335284,0.8433819873301767,11.987293027585928,60.0
42.48540450375313,0.8795162604389197,11.814863663525065,60.0
42.53544620517098,1.2088134286489822,11.814258587788965,60.0
42.585487906588824,1.0391003046290967,11.840789882112821,60.0
42.63552960800667,0.8228872454329089,12.047718808443896,60.0
42.685571309424525,0.7745112998343453,11.783029260684966,60.0
42.73561301084237,1.2113154938322939,11.642054458123322,60.0
42.78565471226022,0.8755625070256046,11.805664981908244,60.0
42.835696413678065,0.7005249830261637,11.822233331669231,60.0
42.88573811509591,0.7839959245092728,11.890110897985558,60.0
42.935779816513765,0.7006730772147964,11.875903046436965,60.0
42.98582151793161,0.962124320188085,11.942632405011318,60.0
43.03586321934946,1.3018939902203597,11.727753660822135,60.0
43.085904920767305,0.9036953689508358,11.844821260813715,60.0
43.13594662218516,0.7950774470709369,11.9223631327665,60.0
43.185988323603006,0.9513727641705384,11.98875215768247,60.0
43.23603002502085,0.7092719992196644,11.957798161454983,60.0
43.2860717264387,1.0159701130226602,11.899750671894296,60.0
43.336113427856546,0.7809209072591979,11.813853414634078,60.0
43.3861551292744,0.7538273197247114,11.782542266408544,60.0
43.436196830692246,1.0193086933137239,11.91265952463234,60.0
43.48623853211009,0.2538750599857462,11.802700457878728,60.0
43.53628023352794,0.6202602963231925,11.906506140773987,60.0
43.586321934945786,0.911101697857664,11.975201676442689,60.0
43.63636363636364,0.9058251239928188,11.780584364387037,60.0
43.68640533778149,0.7299615519784323,12.03056436897424,60.0
43.736447039199334,0.9740676258749335,11.685139760923352,60.0
43.78648874061718,0.36958327646386246,11.93439557112088,60.0
43.83653044203503,0.5688397814171489,11.791364691579794,60.0
43.88657214345288,0.7032171038771077,11.65483329102161,60.0
43.93661384487073,0.7826460243991534,11.902056980885959,60.0
43.986655546288574,0.5450591835898108,11.701010931770515,60.0
44.03669724770642,0.6158719846311532,11.979926753901925,60.0
44.086738949124275,1.1642630192543237,11.911186754783653,60.0
44.13678065054212,0.3905352755593798,11.80364510192018,60.0
44.18682235195997,0.853353602846654,11.866057809854484,60.0
44.236864053377815,0.3100626577362552,11.870749547503015,60.0
44.28690575479566,0.4467792923767503,11.768062014401659,60.0
44.336947456213515,0.14484023270009566,11.58031886878345,60.0
44.38698915763136,0.030899972103905993,11.79835412059522,60.0
44.43703085904921,0.5015897084641443,11.605999026754496,60.0
44.487072560467055,0.45838965760124606,11.854490274485379,60.0
44.5371142618849,0.6375156912434622,11.6152589431641,60.0
44.587155963302756,0.23622363396979457,11.720577103984915,60.0
44.6371976647206,0.064902614660203,11.87819817804361,60.0
44.68723936613845,0.15200929567406762,11.725540842066943,60.0
44.737281067556296,0.10458227083576235,11.913053536903984,60.0
44.78732276897415,0.2348048524887828,11.760501247612556,60.0
44.837364470392,0.15549784024893082,11.780350790597671,60.0
44.88740617180984,0.03224619683600409,11.67538429211678,60.0
44.93744787322769,0.030995984453319532,11.805202113399151,60.0
44.98748957464554,0.09530965610218795,11.745056734479773,60.0
45.03753127606339,0.15963766815183755,11.738975247220278,60.0
45.08757297748124,0.19527029329911444,11.849722769549729,60.0
45.137614678899084,0.25596810200433,11.819431986533967,60.0
45.18765638031693,0.023581966255574044,11.761134657975955,60.0
45.23769808173478,0.17485786316454646,11.865950639265751,60.0
45.28773978315263,0.1282246549815752,11.643953436420626,60.0
45.33778148457048,0.3468884906969494,11.821572615570334,60.0
45.387823185988324,0.46050449818493155,11.669510834536071,60.0
45.43786488740617,0.39265352211151383,11.752697200288322,60.0
45.487906588824025,0.6538574969920826,11.73631094225877,60.0
45.53794829024187,0.26137393290838173,11.749935019331648,60.0
45.58798999165972,0.5453044087923858,11.668458426907092,60.0
45.638031693077565,0.033161066841187525,11.776703496501929,60.0
45.68807339449541,0.4559946754212051,11.57849275030873,60.0
45.738115095913265,0.38327742566467743,11.725712245529957,60.0
45.78815679733111,0.3872300332870843,11.603468001387423,60.0
45.83819849874896,0.3954127188790108,11.625633025432874,60.0
45.888240200166805,0.5344513265394936,11.808144514858869,60.0
45.93828190158465,0.5860099432473801,11.552463924772598,60.0
45.988323603002506,0.6873021119949307,11.593145634723992,60.0
46.03836530442035,0.6703527555008718,11.645518406506106,60.0
46.0884070058382,0.28352350258850934,11.69224339502368,60.0
46.138448707256046,0.4682936667874019,11.705058138004498,60.0
46.18849040867389,0.398683789964968,11.89415386255674,60.0
46.23853211009175,0.5409355796367648,11.652609697754084,60.0
46.28857381150959,0.3415663796134173,11.665936288065058,60.0
46.33861551292744,0.8046686131800356,11.702245190856505,60.0
46.38865721434529,1.1492227035983131,11.685195606322264,60.0
46.43869891576314,0.5856656706080848,11.855270574624319,60.0
46.48874061718099,0.4684130747401393,11.73883990549284,60.0
46.538782318598834,0.9527373376826933,11.76695132918419,60.0
46.58882402001668,0.7242773824005335,11.530979331369965,60.0
46.63886572143453,0.6408704193146776,11.541716961507507,60.0
46.68890742285238,0.8089548504393793,11.674265995377564,60.0
46.73894912427023,0.9449117450599142,11.749012474101098,60.0
46.788990825688074,0.68044635603581,11.67916519583065,60.0
46.83903252710592,1.086057195299058,11.818033453089589,60.0
46.88907422852377,1.204328665468106,11.503734758450362,60.0
46.93911592994162,0.6625188145517487,11.54060604739955,60.0
46.98915763135947,0.9051656392247439,11.641490631062748,60.0
47.039199332777315,1.159676333979994,11.539480846283618,60.0
47.08924103419516,0.9458930980767876,11.542662764451263,60.0
47.139282735613016,1.3831589634473085,11.663044389625474,60.0
47.18932443703086,1.1557768331507994,11.559345466286914,60.0
47.23936613844871,0.8412908141084584,11.61292262606556,60.0
47.289407839866556,1.1308595633893272,11.739642117618535,60.0
47.3394495412844,1.2542613197853743,11.499864067396183,60.0
47.389491242702256,1.1106502933403892,11.686082709997688,60.0
47.4395329441201,0.8889533829179467,11.60842204401757,60.0
47.48957464553795,1.0070327870327085,11.631625135563262,60.0
47.539616346955796,1.2153074898792504,11.595727896850669,60.0
47.58965804837364,1.1772277551211112,11.60021858108362,60.0
47.6396997497915,1.1955752399922723,11.620337915863256,60.0
47.68974145120934,0.7433635523894684,11.609778949363974,60.0
47.73978315262719,0.8960025496477564,11.711171889360793,60.0
47.78982485404504,1.38674613028774,11.491005020634745,60.0
47.83986655546289,1.0114359564201485,11.57097656162255,60.0
47.88990825688074,0.984348873592538,11.55951230181878,60.0
47.939949958298584,1.1746156389116182,11.54364567563105,60.0
47.98999165971643,1.0186414632676304,11.464221972369982,60.0
48.04003336113428,0.7319314771682586,11.544701031341177,60.0
48.09007506255213,0.9712422037721825,11.491448662184089,60.0
48.14011676396998,0.9380935741687539,11.636783330441254,60.0
48.190158465387825,0.9082562099877378,11.477271246966305,60.0
48.24020016680567,0.973581582748191,11.579023046072484,60.0
48.29024186822352,0.9529330415121402,11.523127868713056,60.0
48.34028356964137,0.6106077330528035,11.660872035204658,60.0
48.39032527105922,0.8504613240167087,11.608796899375838,60.0
48.440366972477065,0.9775399022580609,11.562769433185814,60.0
48.49040867389491,1.0106672762451612,11.553754332590412,60.0
48.540450375312766,0.6464139869642773,11.494894467919288,60.0
48.59049207673061,0.5511462493137018,11.562201167061936,60.0
48.64053377814846,0.5498552501746498,11.54691033876945,60.0
48.690575479566306,0.4577314723684305,11.634279479334783,60.0
48.74061718098415,0.6174031318740906,11.661889012904801,60.0
48.790658882402006,0.5200224386816699,11.326164894635399,60.0
48.84070058381985,0.7568303149459565,11.649163075993116,60.0
48.8907422852377,0.931374937782059,11.664411346932766,60.0
48.940783986655546,0.7226821649549301,11.590327535239231,60.0
48.99082568807339,0.7446370047672711,11.605310652012578,60.0
49.04086738949125,0.2257038609636166,11.486829114966373,60.0
49.09090909090909,0.4076739081296371,11.445696626182144,60.0
49.14095079232694,0.5879816435361513,11.62583731614056,60.0
49.19099249374479,0.29121037575609765,11.402209197665453,60.0
49.241034195162634,0.3397290793517379,11.501397061397055,60.0
49.29107589658049,0.48208529286612467,11.558549260297127,60.0
49.341117597998334,0.4055917159722189,11.354239766249307,60.0
49.39115929941618,0.5290991982440407,11.651018381443183,60.0
49.44120100083403,0.45132304223009906,11.649072011025542,60.0
49.49124270225188,0.44883615977286206,11.557457350744446,60.0
49.54128440366973,0.4004946770955352,11.445802886368398,60.0
49.591326105087575,0.09793016095026563,11.502283688104782,60.0
49.64136780650542,0.4101077565060608,11.529818718533958,60.0
49.69140950792327,0.4131377409085242,11.536074960694615,60.0
49.74145120934112,0.21409864120211852,11.417675825890122,60.0
49.79149291075897,0.24602017997479314,11.569246270540532,60.0
49.841534612176815,0.1642629544954626,11.510116541098668,60.0
49.89157631359466,0.16330460668488328,11.2544247985969,60.0
49.94161801501251,0.08151197575536423,11.455693996005799,60.0
49.99165971643036,0.1989217202434453,11.316671766618356,60.0
50.04170141784821,0.16681890177896957,11.483306184454912,60.0
50.091743119266056,0.1657308678901731,11.377997825058754,60.0
50.1417848206839,0.14716094886207737,11.482545783056537,60.0
50.191826522101756,0.10565264439221016,11.366968297277584,60.0
50.2418682235196,0.30619456728239297,11.324967125385617,60.0
50.29190992493745,0.2827650474709187,11.708934671216802,60.0
50.341951626355296,0.08565481040009704,11.4936632596284,60.0
50.39199332777314,0.3641180382833748,11.633076317179517,60.0
50.442035029191,0.11643729603790576,11.36195690446065,60.0
50.492076730608844,0.0008993594270243488,11.510293881657718,60.0
50.54211843202669,0.22727248585174326,11.49201366081869,60.0
50.59216013344454,0.32925090838492155,11.585381486479292,60.0
50.642201834862384,0.304005206828728,11.43199788717836,60.0
50.69224353628024,0.0024699070240057353,11.418429826172147,60.0
50.742285237698084,0.27112600853677604,11.440856579950985,60.0
50.79232693911593,0.5432070213183497,11.414682046815395,60.0
50.84236864053378,0.4464162666401503,11.404365376711883,60.0
50.89241034195163,0.5550911268098119,11.494101519700951,60.0
50.94245204336948,0.26744114298905025,11.506318808030844,60.0
50.992493744787325,0.40390409809860645,11.342615820334316,60.0
51.04253544620517,0.6912567520939655,11.29931885039403,60.0
51.09257714762302,1.161925660697853,11.47456535546269,60.0
51.14261884904087,0.9259162231946154,11.324547265445297,60.0
51.19266055045872,0.3990944337259796,11.633240742404453,60.0
51.242702251876565,0.7949869213844094,11.363024198635863,60.0
51.29274395329441,0.690965559421131,11.448181534863535,60.0
51.34278565471226,0.9672303841006695,11.579388113013453,60.0
51.39282735613011,0.5427416425846617,11.66552192248263,60.0
51.44286905754796,0.9568897320211185,11.223014814201811,60.0
51.492910758965806,0.807176753459609,11.478797254588043,60.0
51.54295246038365,0.6897498690215004,11.561174343163877,60.0
51.5929941618015,0.9369783417109914,11.382181982463406,60.0
51.64303586321935,0.4824483007763656,11.555943925467764,60.0
51.6930775646372,0.9941363746206172,11.423483396910347,60.0
51.74311926605505,1.0578661926624313,11.389556485941831,60.0
51.79316096747289,0.4361120473989396,11.360445204774123,60.0
51.84320266889075,0.7860919103480318,11.47548962842002,60.0
51.893244370308594,0.8949082748309022,11.530614808978553,60.0
51.94328607172644,0.8958565306626716,11.431181891373564,60.0
51.99332777314429,0.8687371956799335,11.58338344696065,60.0
52.043369474562134,1.1671414385753298,11.265809920925422,60.0
52.09341117597999,0.6613187366117907,11.367431998311009,60.0
52.143452877397834,0.971837180493197,11.289705888286132,60.0
52.19349457881568,0.9857473035216279,11.44722739773795,60.0
52.24353628023353,0.876453593209586,11.516992647027791,60.0
52.293577981651374,1.0664245010269726,11.253981275988771,60.0
52.34361968306923,1.2357631436037386,11.38290773723953,60.0
52.393661384487075,0.9195029701043385,11.50111492863901,60.0
52.44370308590492,0.9524730585381563,11.401881074410175,60.0
52.49374478732277,0.7295318152271852,11.448935787143544,60.0
52.54378648874062,0.979901782883674,11.417896155072155,60.0
52.59382819015847,0.8351228816034697,11.225679389926414,60.0
52.643869891576315,1.1940015694896697,11.528254878655737,60.0
52.69391159299416,1.034258836015118,11.180142771320163,60.0
52.74395329441201,1.007110561136547,11.374689680762602,60.0
52.79399499582986,0.8834558497366383,11.402293530528492,60.0
52.84403669724771,1.038683310778317,11.345084314743131,60.0
52.894078398665556,1.116985971225071,11.356618621624872,60.0
52.9441201000834,0.9977491533738081,11.452741236789295,60.0
52.99416180150125,1.0107932742256476,11.317053037131775,60.0
53.0442035029191,0.8323845186998575,11.361880163606699,60.0
53.09424520433695,1.170890016407979,11.371539199824461,60.0
53.1442869057548,0.8119249400807818,11.358933160351794,60.0
53.19432860717264,0.7745768208642064,11.207394794855327,60.0
53.2443703085905,0.9669829280942239,11.170485828043489,60.0
53.294412010008344,1.0617244309473928,11.328661633123286,60.0
53.34445371142619,1.0948010910832813,11.283367556179147,60.0
53.39449541284404,0.5972892039924391,11.382629374588412,60.0
53.444537114261884,0.8512876017400272,11.26514372411981,60.0
53.49457881567974,0.8824130139573946,11.450910205598328,60.0
53.544620517097584,1.199663303416628,11.282446704211015,60.0
53.59466221851543,0.7013986288244158,11.263683598261602,60.0
53.64470391993328,0.3554679424726911,11.305639718150132,60.0
53.694745621351124,1.0367441725642217,11.16498043570951,60.0
53.74478732276898,0.4261740037756602,11.189362633776954,60.0
53.794829024186825,0.2578176301044514,11.249459766572173,60.0
53.84487072560467,0.6505897304912457,11.298249167558753,60.0
53.89491242702252,1.063575059675577,11.214826442930104,60.0
53.944954128440365,0.48041529595341026,11.199203261138791,60.0
53.99499582985822,0.5905211738264409,11.330809159044568,60.0
54.045037531276066,1.203494094334856,11.364568068467168,60.0
54.09507923269391,0.5162004021887681,11.023784030231988,60.0
54.14512093411176,0.2582830224018993,11.377857508372179,60.0
54.19516263552961,0.7861803786046275,11.4466556486434,60.0
54.24520433694746,0.6924446314580761,11.2390217716825,60.0
54.295246038365306,0.4768733996527219,11.27712345600806,60.0
54.34528773978315,0.37120422866581015,11.22905965123591,60.0
54.395329441201,0.5867037625830349,11.347488864488973,60.0
54.44537114261885,0.21550873219401467,11.307456871729986,60.0
54.4954128440367,0.15350399241925997,11.270512051263303,60.0
54.54545454545455,0.011692232253325385,11.183001817171796,60.0
54.59549624687239,0.18064570545566877,11.203477197342846,60.0
54.64553794829024,0.05476961208586534,11.546616119610658,60.0
54.695579649708094,0.09681622344231183,11.161066116074794,60.0
54.74562135112594,0.3383262431345341,11.281610811009054,60.0
54.79566305254379,0.15025008254527225,11.269559416278007,60.0
54.845704753961634,0.22846549257162196,11.302054673755627,60.0
54.89574645537949,0.010170319763259023,11.248971619792124,60.0
54.945788156797335,0.07021555244364841,11.33229270983576,60.0
54.99582985821518,0.6028140736801497,11.148994752617998,60.0
55.04587155963303,0.1340727891475943,11.444693050178767,60.0
55.095913261050875,0.052467662386040725,11.104987575650231,60.0
55.14595496246873,0.24256806012335508,11.331010067167574,60.0
55.195996663886575,0.06626190240046975,11.355824793147557,60.0
55.24603836530442,0.09171373677264485,11.384604885866612,60.0
55.29608006672227,0.050263895930775904,11.180967882056892,60.0
55.346121768140115,0.18863067945770384,11.380889425565517,60.0
55.39616346955797,0.28155239083479694,11.564777043510782,60.0
55.446205170975816,0.6278885607340042,11.187910905239283,60.0
55.49624687239366,0.38339349239314624,11.11637576798676,60.0
55.54628857381151,0.17177475351258692,11.373311201114582,60.0
55.59633027522936,0.5824401791357587,11.20212653512814,60.0
55.64637197664721,0.22809279923838682,11.323808035018718,60.0
55.696413678065056,0.3229566045812612,11.373166884822155,60.0
55.7464553794829,0.6129392806027696,11.196749025959683,60.0
55.79649708090075,0.0775513171958443,11.133650102863921,60.0
55.8465387823186,0.48715511395969946,11.223099851970487,60.0
55.89658048373645,0.6317552407187004,11.397939405371373,60.0
55.9466221851543,0.3800039766830439,11.177702349163306,60.0
55.996663886572144,0.9266712560800991,11.114513780766302,60.0
56.04670558798999,1.0370872436549892,11.211217296181015,60.0
56.096747289407844,0.7073306060142664,11.077896009593006,60.0
56.14678899082569,0.7861324380829903,11.140469119044935,60.0
56.19683069224354,0.5561589811671457,10.945896268667695,60.0
56.246872393661384,0.704643609855404,11.17388085355961,60.0
56.29691409507924,0.5995249800181267,11.202965550822343,60.0
56.346955796497085,0.670868861193979,11.329548197236273,60.0
56.39699749791493,1.17248151517299,11.149017094060946,60.0
56.44703919933278,0.6071142902072605,11.044195790425553,60.0
56.497080900750625,0.8544745920393121,11.147598684394662,60.0
56.54712260216848,1.0381932252461388,11.152837405227801,60.0
56.597164303586325,0.8538023328999723,11.24655268641738,60.0
56.64720600500417,1.072825025867931,11.075472541447047,60.0
56.69724770642202,0.7416008020702316,11.270966116045631,60.0
56.747289407839865,1.1173362418842803,11.131340039250574,60.0
56.79733110925772,0.8440607102008852,11.322413673056534,60.0
56.847372810675566,1.1227676391550887,11.068377659109434,60.0
56.89741451209341,0.7837437104261334,11.066096182263344,60.0
56.94745621351126,1.0283935113139717,11.206084055769253,60.0
56.997497914929106,1.1408868880886531,11.222866743518583,60.0
57.04753961634696,1.1953429531648494,11.177531974214183,60.0
57.097581317764806,1.0987734595697116,11.135972083787893,60.0
57.14762301918265,0.9096412278596797,11.15436182633991,60.0
57.1976647206005,0.9777902971984992,11.025373144974722,60.0
57.247706422018354,0.7735889310811459,11.041184973019016,60.0
57.2977481234362,1.149525817121704,11.17490511425611,60.0
57.34778982485405,0.7680906758344402,11.1356804034004,60.0
57.397831526271894,0.8276043830876813,11.018603880383875,60.0
57.44787322768974,1.0914951032462332,11.207771231664854,60.0
57.497914929107594,1.068300581936946,11.306516053420806,60.0
57.54795663052544,0.9614871344800168,11.048798424904955,60.0
57.59799833194329,0.68717916646716,11.02596505999975,60.0
57.648040033361134,1.1322705151918473,11.157543798476608,60.0
57.69808173477898,0.7212984802113502,11.136986291175312,60.0
57.748123436196835,0.7393277451253295,10.9189262068305,60.0
57.79816513761468,1.1485895071259993,10.998163063957808,60.0
57.84820683903253,0.5772855876019178,11.177076060838866,60.0
57.898248540450375,0.7648554720765637,11.086971101417625,60.0
57.94829024186823,0.9440014130186223,11.15810383387797,60.0
57.998331943286075,0.8792319381615363,11.132597771960938,60.0
58.04837364470392,0.8094015452369072,11.139247887642252,60.0
58.09841534612177,0.8840319691849714,11.210760630790098,60.0
58.148457047539615,0.8634842199673027,11.112946440099645,60.0
58.19849874895747,0.8600388104010971,10.871935068703333,60.0
58.248540450375316,1.0436775328056533,11.04756114293767,60.0
58.29858215179316,1.013054998297632,11.109770365230473,60.0
58.34862385321101,0.851207725736647,11.152154410202321,60.0
58.398665554628856,0.8518087740155752,11.055880968372842,60.0
58.44870725604671,1.2053792209209526,11.238272369989772,60.0
58.49874895746456,0.8320730327650885,11.000396903526644,60.0
58.5487906588824,0.8845295913079145,11.147140766179302,60.0
58.59883236030025,0.8262824067313564,11.210773819182648,60.0
58.648874061718104,0.7205178983371345,11.130203862484162,60.0
58.69891576313595,0.48009763601575145,10.98494784673447,60.0
58.7489574645538,0.6045013726037638,11.109311315278722,60.0
58.798999165971644,0.6293936276523864,11.093835654492878,60.0
58.84904086738949,0.7156070426801321,11.062339028995304,60.0
58.899082568807344,0.6419011457514933,11.156566006216604,60.0
58.94912427022519,0.5458295743433463,11.04433626062763,60.0
58.99916597164304,0.4702399732755612,10.931083776263852,60.0
59.049207673060884,0.8408089732917696,10.82151999103439,60.0
59.09924937447873,0.49299463042304337,11.13275054621075,60.0
59.149291075896585,0.3633566422348832,11.027879297681771,60.0
59.19933277731443,0.26047308560876115,10.987683705453339,60.0
59.24937447873228,0.029143406144138184,11.060953443285282,60.0
59.299416180150125,0.6170425141132172,10.943472674544644,60.0
59.34945788156797,0.48485594453514713,11.115420606639752,60.0
59.399499582985825,0.40469696517723064,11.178834320158584,60.0
59.44954128440367,0.0004464737607349223,11.01948839538851,60.0
59.49958298582152,0.19590171878124718,10.988807427253537,60.0
59.549624687239366,0.2434112056952499,10.990987241690336,60.0
59.59966638865722,0.5527679888413327,10.998318758275088,60.0
59.649708090075066,0.23290419459504916,11.202978342275324,60.0
59.69974979149291,0.3417907949204687,11.014520756116498,60.0
59.74979149291076,0.04834615189493957,10.768764698982338,60.0
59.799833194328606,0.1330579386259563,11.014653660553517,60.0
59.84987489574646,0.14736250656079872,11.175592806680646,60.0
59.89991659716431,0.11888060677480516,11.096420278691241,60.0
59.94995829858215,0.07265535249915703,10.976860829564602,60.0
60.0,0.061266289739244334,11.149870996839308,60.0
